{
  "business_name": "Final Touch Painting & Remodel LLC",
  "service_area": "Louisville, KY and surrounding areas",
  "phone": "(757)-945-8021",
  "email": "Finaltouchky1@gmail.com",
  "eyebrow": "Painting \u2022 Remodeling \u2022 Drywall \u2022 Flooring \u2022 Tile",
  "tagline": "Quality craftsmanship you can see.",
  "primary_cta": "Request a Free Estimate",
  "hours_line1": "Mon\u2013Sat \u2022 8am\u20136pm",
  "hours_line2": "Sunday by appointment",
  "about_blurb": "We focus on honest work, clear communication, and a clean, professional finish. Whether it\u2019s a single room or a full remodel, we treat your home like our own."
}